{"cameraMode":{"drawMode":0,"name":"Shaded","section":"Shading Mode"},"sceneLighting":true,"audioPlay":false,"sceneViewState":{"m_AlwaysRefresh":false,"showFog":true,"showSkybox":false,"showFlares":true,"showImageEffects":true,"showParticleSystems":true,"showVisualEffectGraphs":true,"m_FxEnabled":true},"in2DMode":false,"pivot":{"x":-0.0299999862909317,"y":0.4480000138282776,"z":4.909999847412109},"rotation":{"x":-0.3963269889354706,"y":-0.010657750070095063,"z":0.004567917436361313,"w":-0.9181403517723084},"size":0.8545172810554504,"orthographic":false}